,country,date,target,predicted
0,netherlands,2019-08-07,738.26,135.166
1,netherlands,2019-08-08,764.3,135.166
2,netherlands,2019-08-09,494.91,895.225
3,netherlands,2019-08-10,489.32000000000005,878.7029999999999
4,netherlands,2019-08-11,489.32000000000005,878.7029999999999
5,netherlands,2019-08-12,836.34,908.4590000000001
6,netherlands,2019-08-13,836.3399999999999,908.4590000000001
7,netherlands,2019-08-14,836.3399999999999,908.4590000000001
8,netherlands,2019-08-15,836.3399999999999,908.4590000000001
9,netherlands,2019-08-16,629.9399999999999,983.698
10,netherlands,2019-08-17,629.9399999999999,958.164
11,netherlands,2019-08-18,995.0899999999999,958.164
12,netherlands,2019-08-19,995.0899999999999,1006.0109999999999
13,netherlands,2019-08-20,995.0899999999999,1006.0109999999999
14,netherlands,2019-08-21,1041.87,974.7949999999998
15,netherlands,2019-08-22,1041.87,974.7949999999998
16,netherlands,2019-08-23,1041.87,1106.5189999999998
17,netherlands,2019-08-24,919.89,945.007
18,netherlands,2019-08-25,919.8900000000001,975.899
19,netherlands,2019-08-26,919.89,975.899
20,netherlands,2019-08-27,919.89,975.899
21,netherlands,2019-08-28,919.89,975.899
22,netherlands,2019-08-29,917.1700000000001,975.899
23,netherlands,2019-08-30,917.17,953.0200000000001
24,netherlands,2019-08-31,917.17,1080.432
25,netherlands,2019-09-01,917.17,1080.432
26,netherlands,2019-09-02,917.1700000000001,1080.432
27,netherlands,2019-09-03,1009.02,1080.432
28,netherlands,2019-09-04,1076.2,1080.432
29,netherlands,2019-09-05,1101.55,1080.432
30,netherlands,2019-09-06,972.32,1040.551
31,netherlands,2019-09-07,946.2800000000001,1020.9630000000001
32,netherlands,2019-09-08,946.2800000000001,1124.243
33,netherlands,2019-09-09,946.2800000000001,1119.71
34,netherlands,2019-09-10,946.2800000000001,1119.71
35,netherlands,2019-09-11,599.26,915.858
36,netherlands,2019-09-12,599.2600000000001,915.858
37,netherlands,2019-09-13,599.26,912.542
38,netherlands,2019-09-14,599.2600000000001,912.542
39,netherlands,2019-09-15,599.26,887.287
40,netherlands,2019-09-16,702.95,887.287
41,netherlands,2019-09-17,337.79999999999995,657.2389999999999
42,netherlands,2019-09-18,701.27,659.04
43,netherlands,2019-09-19,785.13,659.04
44,netherlands,2019-09-20,735.4,599.443
45,netherlands,2019-09-21,735.4,666.162
46,netherlands,2019-09-22,735.4,666.162
47,netherlands,2019-09-23,735.4,577.9579999999999
48,netherlands,2019-09-24,735.4,768.5474999999999
49,netherlands,2019-09-25,784.6300000000001,787.4612499999998
50,netherlands,2019-09-26,784.63,787.4612499999998
51,netherlands,2019-09-27,784.6300000000001,755.5777499999999
52,netherlands,2019-09-28,784.6300000000001,755.5777499999999
53,netherlands,2019-09-29,784.6300000000001,755.5777499999999
54,netherlands,2019-09-30,784.63,755.5777499999999
55,netherlands,2019-10-01,922.06,771.1800000000001
56,netherlands,2019-10-02,922.0600000000002,771.1800000000001
57,netherlands,2019-10-03,830.21,677.1949999999999
58,netherlands,2019-10-04,763.03,585.4823333333334
59,netherlands,2019-10-05,737.6800000000001,594.3733333333333
60,netherlands,2019-10-06,737.6800000000001,608.2286666666666
61,netherlands,2019-10-07,737.6800000000001,598.2896666666667
62,netherlands,2019-10-08,737.6800000000001,598.2896666666667
63,netherlands,2019-10-09,907.6600000000001,584.312
64,netherlands,2019-10-10,907.6600000000001,585.2259999999999
65,netherlands,2019-10-11,907.6600000000001,530.3709999999999
66,netherlands,2019-10-12,907.6600000000001,538.034
67,netherlands,2019-10-13,907.6600000000001,538.034
68,netherlands,2019-10-14,907.6600000000001,538.034
69,netherlands,2019-10-15,925.8600000000001,538.958
70,netherlands,2019-10-16,822.1700000000002,498.9599999999999
71,netherlands,2019-10-17,841.4200000000002,623.4979999999999
72,netherlands,2019-10-18,477.9500000000001,530.7403333333333
73,netherlands,2019-10-19,435.06000000000006,699.0840000000001
74,netherlands,2019-10-20,435.06000000000006,599.24
75,netherlands,2019-10-21,507.39000000000004,599.24
76,netherlands,2019-10-22,649.7900000000001,599.24
77,netherlands,2019-10-23,649.7900000000001,599.24
78,netherlands,2019-10-24,649.7900000000001,599.24
79,netherlands,2019-10-25,600.5600000000001,810.9060000000002
80,netherlands,2019-10-26,600.5600000000001,806.2330000000001
81,netherlands,2019-10-27,600.5600000000001,806.2330000000001
82,netherlands,2019-10-28,600.5600000000001,806.2330000000001
83,netherlands,2019-10-29,621.8000000000002,806.2330000000001
84,netherlands,2019-10-30,621.8000000000002,779.0919999999999
85,netherlands,2019-10-31,484.37000000000006,721.3800000000001
86,netherlands,2019-11-01,484.37000000000006,807.278
87,netherlands,2019-11-02,484.37000000000006,848.7729999999999
88,netherlands,2019-11-03,484.37000000000006,873.38275
89,netherlands,2019-11-04,484.37,776.8700833333335
90,netherlands,2019-11-05,484.37,776.8700833333335
91,netherlands,2019-11-06,484.37,776.8700833333335
92,netherlands,2019-11-07,484.37,801.4915833333332
93,netherlands,2019-11-08,314.39,733.8770000000002
94,netherlands,2019-11-09,314.39000000000004,733.8770000000002
95,netherlands,2019-11-10,314.39,733.8770000000002
96,netherlands,2019-11-11,314.39,733.8770000000002
97,netherlands,2019-11-12,314.39,733.8770000000002
98,netherlands,2019-11-13,314.39,753.071
99,netherlands,2019-11-14,296.19,713.5429999999999
100,netherlands,2019-11-15,296.19,864.1599999999999
101,netherlands,2019-11-16,276.94,845.833
102,netherlands,2019-11-17,276.94,880.8517499999998
103,netherlands,2019-11-18,235.97000000000003,689.74875
104,netherlands,2019-11-19,235.97000000000003,689.74875
105,netherlands,2019-11-20,163.64000000000001,1155.0210000000002
106,netherlands,2019-11-21,21.24,772.9859999999999
107,netherlands,2019-11-22,21.24,820.4069999999999
108,netherlands,2019-11-23,21.24,820.4069999999999
109,netherlands,2019-11-24,21.24,850.5870000000001
110,netherlands,2019-11-25,21.24,814.018
111,netherlands,2019-11-26,21.24,920.086
112,netherlands,2019-11-27,21.24,986.268
113,netherlands,2019-11-28,0.0,1080.3830000000003
114,netherlands,2019-11-29,0.0,1080.3830000000003
115,netherlands,2019-11-30,0.0,998.6450000000001
0,spain,2019-08-02,651.2000000000002,1052.7353333333333
1,spain,2019-08-03,651.2000000000002,1054.394
2,spain,2019-08-04,903.3300000000002,1281.4873333333335
3,spain,2019-08-05,903.3300000000002,822.1186666666666
4,spain,2019-08-06,903.33,398.5846666666667
5,spain,2019-08-07,1033.3300000000002,403.78466666666674
6,spain,2019-08-08,1033.33,314.89066666666673
7,spain,2019-08-09,1033.3300000000002,255.1026666666667
8,spain,2019-08-10,1033.3300000000002,184.31
9,spain,2019-08-11,1033.3300000000002,184.31
10,spain,2019-08-12,1033.3300000000002,178.63600000000002
11,spain,2019-08-13,1033.3300000000002,178.63600000000002
12,spain,2019-08-14,903.96,553.0173333333333
13,spain,2019-08-15,859.45,487.78266666666667
14,spain,2019-08-16,859.45,496.23200000000014
15,spain,2019-08-17,859.4500000000002,455.3306666666668
16,spain,2019-08-18,971.0500000000001,520.5800000000002
17,spain,2019-08-19,970.9500000000002,451.62
18,spain,2019-08-20,1147.1000000000001,569.1236666666666
19,spain,2019-08-21,1147.1,600.5436666666667
20,spain,2019-08-22,1256.49,493.64666666666665
21,spain,2019-08-23,1256.49,493.64666666666665
22,spain,2019-08-24,1342.43,527.4810000000001
23,spain,2019-08-25,1342.43,527.4810000000001
24,spain,2019-08-26,1081.9499999999998,1521.135333333333
25,spain,2019-08-27,1081.9499999999998,1546.806
26,spain,2019-08-28,1081.9499999999998,1550.1886666666667
27,spain,2019-08-29,997.8699999999999,1067.71
28,spain,2019-08-30,997.8699999999999,572.778
29,spain,2019-08-31,997.8699999999999,572.778
30,spain,2019-09-01,1007.8199999999999,606.6786666666667
31,spain,2019-09-02,1009.0699999999999,662.9686666666668
32,spain,2019-09-03,756.94,530.8953333333334
33,spain,2019-09-04,756.94,530.8953333333334
34,spain,2019-09-05,880.0200000000001,538.2486666666666
35,spain,2019-09-06,750.0200000000001,410.0793333333334
36,spain,2019-09-07,750.02,410.0793333333334
37,spain,2019-09-08,750.02,410.0793333333334
38,spain,2019-09-09,750.02,430.59600000000006
39,spain,2019-09-10,750.02,448.42600000000004
40,spain,2019-09-11,750.02,448.42600000000004
41,spain,2019-09-12,859.25,430.498
42,spain,2019-09-13,859.25,442.3706666666667
43,spain,2019-09-14,859.25,465.7786666666667
44,spain,2019-09-15,968.48,465.7786666666667
45,spain,2019-09-16,1067.25,465.7786666666667
46,spain,2019-09-17,1011.22,547.7793333333333
47,spain,2019-09-18,1127.12,553.1260000000001
48,spain,2019-09-19,950.97,531.8480000000001
49,spain,2019-09-20,950.97,849.848
50,spain,2019-09-21,778.22,702.2726666666666
51,spain,2019-09-22,869.21,702.2726666666666
52,spain,2019-09-23,783.2700000000001,729.8839999999999
53,spain,2019-09-24,914.2099999999999,443.4033333333334
54,spain,2019-09-25,870.41,422.9773333333334
55,spain,2019-09-26,870.41,422.9773333333334
56,spain,2019-09-27,870.41,422.9773333333334
57,spain,2019-09-28,1248.1599999999999,552.1460000000001
58,spain,2019-09-29,1248.1599999999999,552.1460000000001
59,spain,2019-09-30,1248.1599999999999,571.402
60,spain,2019-10-01,1238.21,562.3806666666666
61,spain,2019-10-02,1314.98,510.80799999999994
62,spain,2019-10-03,1528.47,1270.4613333333332
63,spain,2019-10-04,1528.47,1268.7959999999996
64,spain,2019-10-05,1405.39,926.1773333333333
65,spain,2019-10-06,1473.8300000000002,1372.3119999999997
66,spain,2019-10-07,1578.2300000000002,1372.3119999999997
67,spain,2019-10-08,1578.2300000000002,1372.3119999999997
68,spain,2019-10-09,1747.1299999999999,1358.897333333333
69,spain,2019-10-10,1747.1299999999999,1358.897333333333
70,spain,2019-10-11,1747.1299999999999,1358.897333333333
71,spain,2019-10-12,1637.8999999999999,813.0126666666664
72,spain,2019-10-13,1637.8999999999999,813.0126666666664
73,spain,2019-10-14,1637.8999999999996,813.0126666666664
74,spain,2019-10-15,1528.67,451.0506666666667
75,spain,2019-10-16,1602.8499999999997,420.6986666666668
76,spain,2019-10-17,1547.28,442.072
77,spain,2019-10-18,1405.8799999999999,384.8686666666668
78,spain,2019-10-19,1563.7299999999998,430.98266666666666
79,spain,2019-10-20,1670.5499999999997,430.98266666666666
80,spain,2019-10-21,1670.5499999999997,462.6373333333333
81,spain,2019-10-22,1592.2599999999998,430.21199999999993
82,spain,2019-10-23,1640.5999999999997,454.35933333333327
83,spain,2019-10-24,1509.6599999999996,405.39066666666673
84,spain,2019-10-25,1509.6599999999996,412.6186666666666
85,spain,2019-10-26,1509.6599999999999,425.9833333333333
86,spain,2019-10-27,1509.6599999999999,425.9833333333333
87,spain,2019-10-28,1200.9399999999998,722.878
88,spain,2019-10-29,1200.9399999999998,543.844
89,spain,2019-10-30,1200.9399999999998,543.844
90,spain,2019-10-31,1200.9399999999998,701.178
91,spain,2019-11-01,1122.9199999999998,701.178
92,spain,2019-11-02,909.4299999999998,593.1586666666667
93,spain,2019-11-03,909.4299999999998,593.1586666666667
94,spain,2019-11-04,909.4299999999998,708.6586666666667
95,spain,2019-11-05,840.9899999999998,384.7100000000001
96,spain,2019-11-06,736.5899999999999,380.05133333333345
97,spain,2019-11-07,736.5899999999999,380.05133333333345
98,spain,2019-11-08,567.6899999999999,518.9193333333334
99,spain,2019-11-09,567.6899999999999,361.48600000000005
100,spain,2019-11-10,567.6899999999999,361.48600000000005
101,spain,2019-11-11,567.6899999999999,380.05133333333345
102,spain,2019-11-12,567.6899999999999,380.05133333333345
103,spain,2019-11-13,567.6899999999999,532.6053333333334
104,spain,2019-11-14,567.6899999999999,532.6053333333334
105,spain,2019-11-15,394.73999999999995,532.6053333333334
106,spain,2019-11-16,394.73999999999995,562.0086666666667
107,spain,2019-11-17,394.7399999999999,562.0086666666667
108,spain,2019-11-18,236.89,380.05133333333345
109,spain,2019-11-19,130.07,361.48600000000005
110,spain,2019-11-20,130.07,361.48600000000005
111,spain,2019-11-21,117.36999999999999,361.48600000000005
112,spain,2019-11-22,69.02999999999999,398.81600000000003
113,spain,2019-11-23,69.02999999999999,398.81600000000003
114,spain,2019-11-24,69.02999999999999,398.81600000000003
115,spain,2019-11-25,69.02999999999999,551.3700000000001
116,spain,2019-11-26,69.02999999999999,401.06866666666673
117,spain,2019-11-27,0.0,405.71400000000006
118,spain,2019-11-28,0.0,381.6273333333334
119,spain,2019-11-29,0.0,432.72533333333337
120,spain,2019-11-30,0.0,432.72533333333337
0,eire,2019-08-02,4097.86,5515.305999999999
1,eire,2019-08-03,3593.73,5824.982999999999
2,eire,2019-08-04,3751.8500000000004,5824.982999999999
3,eire,2019-08-05,4037.3500000000004,5824.982999999999
4,eire,2019-08-06,4479.66,5833.2145
5,eire,2019-08-07,4863.08,5833.2145
6,eire,2019-08-08,3701.1800000000003,9074.958
7,eire,2019-08-09,3584.9000000000005,9074.958
8,eire,2019-08-10,3343.1800000000003,9379.358
9,eire,2019-08-11,3343.1800000000003,9379.358
10,eire,2019-08-12,2908.67,9312.739
11,eire,2019-08-13,2973.6600000000003,9312.739
12,eire,2019-08-14,3120.42,9312.739
13,eire,2019-08-15,2825.48,9396.960000000001
14,eire,2019-08-16,2737.1099999999997,9396.960000000001
15,eire,2019-08-17,2609.61,9893.513
16,eire,2019-08-18,2734.9100000000003,9893.513
17,eire,2019-08-19,2928.3500000000004,10606.665
18,eire,2019-08-20,3166.1500000000005,10431.418000000001
19,eire,2019-08-21,3276.0500000000006,10606.665
20,eire,2019-08-22,4013.250000000001,9837.211
21,eire,2019-08-23,4013.25,9975.15
22,eire,2019-08-24,3721.5700000000006,9401.36
23,eire,2019-08-25,3997.1800000000007,9401.36
24,eire,2019-08-26,4068.1300000000006,9259.246000000001
25,eire,2019-08-27,4606.42,9259.246000000001
26,eire,2019-08-28,4583.34,9397.185000000001
27,eire,2019-08-29,4847.1900000000005,9397.185000000001
28,eire,2019-08-30,4775.58,9259.246000000001
29,eire,2019-08-31,4644.8,9397.185000000001
30,eire,2019-09-01,4644.8,8788.04
31,eire,2019-09-02,4637.290000000001,8788.04
32,eire,2019-09-03,4479.17,10625.025
33,eire,2019-09-04,4319.15,10122.445
34,eire,2019-09-05,3898.0299999999997,5087.874
35,eire,2019-09-06,3514.61,4033.6270000000018
36,eire,2019-09-07,3475.31,6196.831
37,eire,2019-09-08,3771.99,4155.037
38,eire,2019-09-09,3946.2,7753.624999999998
39,eire,2019-09-10,4636.67,8981.360999999999
40,eire,2019-09-11,4636.67,9085.128
41,eire,2019-09-12,4557.830000000001,8010.281999999999
42,eire,2019-09-13,4384.330000000001,9069.350999999999
43,eire,2019-09-14,4384.330000000001,7666.222
44,eire,2019-09-15,4961.9800000000005,7666.222
45,eire,2019-09-16,5155.940000000001,9821.426
46,eire,2019-09-17,5236.33,9602.188999999997
47,eire,2019-09-18,5251.09,9663.607999999997
48,eire,2019-09-19,5201.49,6873.445999999999
49,eire,2019-09-20,4962.719999999999,6542.094999999999
50,eire,2019-09-21,4225.5199999999995,1958.895
51,eire,2019-09-22,4335.38,1958.895
52,eire,2019-09-23,4335.38,2225.404
53,eire,2019-09-24,4059.77,1868.757
54,eire,2019-09-25,4008.27,1974.116
55,eire,2019-09-26,3469.98,1631.7510000000004
56,eire,2019-09-27,3469.98,1743.8969999999997
57,eire,2019-09-28,3321.63,3033.526999999999
58,eire,2019-09-29,3467.56,1699.1979999999999
59,eire,2019-09-30,3802.5299999999997,1705.9850000000001
60,eire,2019-10-01,3819.2799999999997,1935.3789999999997
61,eire,2019-10-02,3819.2799999999997,1963.3229999999999
62,eire,2019-10-03,3824.1699999999996,3958.5070000000005
63,eire,2019-10-04,3698.69,5780.801
64,eire,2019-10-05,3473.5900000000006,4326.329
65,eire,2019-10-06,3755.3100000000004,4365.976000000001
66,eire,2019-10-07,3775.4999999999995,4436.628
67,eire,2019-10-08,3529.9700000000003,2928.2590000000005
68,eire,2019-10-09,3564.4300000000003,2290.624
69,eire,2019-10-10,3203.020000000001,1823.202
70,eire,2019-10-11,3203.020000000001,1917.9479999999999
71,eire,2019-10-12,3569.3400000000006,1927.06
72,eire,2019-10-13,3683.5300000000007,2092.753
73,eire,2019-10-14,4072.1600000000008,2092.753
74,eire,2019-10-15,3723.6600000000003,3179.352
75,eire,2019-10-16,3840.2300000000005,4467.664
76,eire,2019-10-17,3865.3900000000003,4470.004999999999
77,eire,2019-10-18,3541.4800000000005,15891.885000000004
78,eire,2019-10-19,3504.1400000000003,16839.507
79,eire,2019-10-20,3643.5600000000004,13537.132000000001
80,eire,2019-10-21,3971.63,1945.2069999999997
81,eire,2019-10-22,3954.4400000000005,1962.373
82,eire,2019-10-23,4036.8700000000003,2139.679
83,eire,2019-10-24,4108.39,5784.857999999999
84,eire,2019-10-25,4088.9399999999996,5784.857999999999
85,eire,2019-10-26,4177.5199999999995,5856.705
86,eire,2019-10-27,4524.03,5856.705
87,eire,2019-10-28,4408.53,3904.5809999999997
88,eire,2019-10-29,4608.55,5473.482000000001
89,eire,2019-10-30,4569.86,4872.464
90,eire,2019-10-31,4553.11,5378.968000000001
91,eire,2019-11-01,4553.11,4563.974
92,eire,2019-11-02,4548.22,6948.793000000001
93,eire,2019-11-03,4548.22,6948.793000000001
94,eire,2019-11-04,4548.22,6948.793000000001
95,eire,2019-11-05,4266.5,6743.616
96,eire,2019-11-06,4246.3099999999995,6743.616
97,eire,2019-11-07,4195.16,8155.101000000001
98,eire,2019-11-08,3986.49,8630.898
99,eire,2019-11-09,3657.4300000000003,4343.997
100,eire,2019-11-10,3657.4300000000003,4343.997
101,eire,2019-11-11,3215.6400000000003,2178.389
102,eire,2019-11-12,3101.4500000000007,5629.49
103,eire,2019-11-13,2712.8200000000006,5599.464
104,eire,2019-11-14,2483.6700000000005,5623.237999999999
105,eire,2019-11-15,2173.1400000000003,13684.945000000002
106,eire,2019-11-16,1942.29,13673.808
107,eire,2019-11-17,1942.29,13053.467999999999
108,eire,2019-11-18,1791.43,13035.808
109,eire,2019-11-19,1652.01,7284.681999999999
110,eire,2019-11-20,1323.9400000000003,4444.024
111,eire,2019-11-21,1231.2700000000002,4444.024
112,eire,2019-11-22,1148.8400000000001,2168.148
113,eire,2019-11-23,1077.3200000000002,2106.6670000000004
114,eire,2019-11-24,1077.3200000000002,2106.6670000000004
115,eire,2019-11-25,988.74,2030.595
116,eire,2019-11-26,642.23,4631.166
117,eire,2019-11-27,642.23,3636.1670000000013
118,eire,2019-11-28,296.28,4654.886
119,eire,2019-11-29,0.0,4589.46
120,eire,2019-11-30,0.0,4612.1449999999995
0,all,2019-08-02,132564.00000000003,229781.02520000003
1,all,2019-08-03,131585.71,195637.3169
2,all,2019-08-04,136193.85,172410.67960000003
3,all,2019-08-05,138339.91999999998,172410.67960000003
4,all,2019-08-06,139979.55,170191.88450000001
5,all,2019-08-07,141205.12,168111.94939999998
6,all,2019-08-08,140608.78999999998,161557.4248
7,all,2019-08-09,126411.24,156074.0503
8,all,2019-08-10,139249.13,160980.87970000002
9,all,2019-08-11,144615.05000000002,161557.4248
10,all,2019-08-12,151422.03,161557.4248
11,all,2019-08-13,152895.63000000003,161557.4248
12,all,2019-08-14,175352.01000000004,153086.90099999998
13,all,2019-08-15,174189.95,150727.91380000004
14,all,2019-08-16,169534.72,152231.937
15,all,2019-08-17,170920.65,150032.7671
16,all,2019-08-18,180459.63999999998,149267.91180000003
17,all,2019-08-19,184265.99,151467.08170000004
18,all,2019-08-20,195048.81999999998,152802.063
19,all,2019-08-21,198884.74999999997,152802.063
20,all,2019-08-22,190147.31999999998,151894.77000000002
21,all,2019-08-23,184607.27,150032.7671
22,all,2019-08-24,187613.771,151894.77000000002
23,all,2019-08-25,193666.45200000002,151894.77000000002
24,all,2019-08-26,197650.76200000002,150446.5281
25,all,2019-08-27,206811.46200000003,150301.02370000002
26,all,2019-08-28,198317.04200000002,144685.64190000002
27,all,2019-08-29,199235.21200000003,147935.3157
28,all,2019-08-30,195696.98200000002,149384.48799999998
29,all,2019-08-31,188607.572,140250.22280000002
30,all,2019-09-01,201293.42200000002,146227.1737
31,all,2019-09-02,207783.88199999998,146227.1737
32,all,2019-09-03,210781.642,140776.4471
33,all,2019-09-04,217275.162,140250.22280000002
34,all,2019-09-05,220620.23200000002,145943.0541
35,all,2019-09-06,215113.99200000003,145943.0541
36,all,2019-09-07,212730.862,140250.22280000002
37,all,2019-09-08,227263.51200000002,140250.22280000002
38,all,2019-09-09,229519.82200000001,140250.22280000002
39,all,2019-09-10,231741.37200000003,133225.95870000002
40,all,2019-09-11,231604.44199999998,138021.85210000002
41,all,2019-09-12,234617.192,140250.22280000002
42,all,2019-09-13,209118.962,143976.56120000003
43,all,2019-09-14,206186.52200000003,143749.63220000005
44,all,2019-09-15,219006.182,150623.7392
45,all,2019-09-16,224567.10199999998,151228.70620000002
46,all,2019-09-17,235603.682,143651.6442
47,all,2019-09-18,235591.922,160313.17160000003
48,all,2019-09-19,225361.042,158301.1516
49,all,2019-09-20,217122.47199999998,160010.86070000002
50,all,2019-09-21,212178.652,162998.26050000003
51,all,2019-09-22,229184.00199999998,162998.26050000003
52,all,2019-09-23,230908.76099999994,226222.44939999998
53,all,2019-09-24,232189.59,292058.7871
54,all,2019-09-25,246038.41999999998,291466.749
55,all,2019-09-26,242723.33000000002,290868.00700000004
56,all,2019-09-27,235535.18000000002,291416.9220000001
57,all,2019-09-28,236051.52000000002,292826.319
58,all,2019-09-29,263434.09,292826.319
59,all,2019-09-30,264912.2,275142.4911000001
60,all,2019-10-01,261544.79000000004,218562.15170000005
61,all,2019-10-02,259203.6,264033.9044
62,all,2019-10-03,260342.59000000003,264033.9044
63,all,2019-10-04,250392.25,245350.76829999997
64,all,2019-10-05,246422.37,245990.7124
65,all,2019-10-06,269088.12,245990.7124
66,all,2019-10-07,282457.57,247500.1262
67,all,2019-10-08,276706.08,248319.85839999997
68,all,2019-10-09,281929.82,247162.11729999995
69,all,2019-10-10,288458.89999999997,247162.11729999995
70,all,2019-10-11,279640.38999999996,247162.11729999995
71,all,2019-10-12,281535.98000000004,247162.11729999995
72,all,2019-10-13,296798.52,247679.91429999997
73,all,2019-10-14,305732.93000000005,247679.91429999997
74,all,2019-10-15,309697.35000000003,248399.12329999992
75,all,2019-10-16,312358.36000000004,248399.12329999992
76,all,2019-10-17,303853.44000000006,259567.27339999992
77,all,2019-10-18,296732.55000000005,249556.86439999993
78,all,2019-10-19,303035.57,249556.86439999993
79,all,2019-10-20,312456.46,249556.86439999993
80,all,2019-10-21,320770.0,249556.86439999993
81,all,2019-10-22,320325.12,257346.49149999995
82,all,2019-10-23,326519.0199999999,247519.96569999997
83,all,2019-10-24,333670.1199999999,247268.66059999992
84,all,2019-10-25,312997.54999999993,247990.21289999993
85,all,2019-10-26,313649.6599999999,258000.62189999997
86,all,2019-10-27,327525.1699999999,258000.62189999997
87,all,2019-10-28,338775.3899999999,258000.62189999997
88,all,2019-10-29,327149.85,260154.8841
89,all,2019-10-30,332259.77,260154.8841
90,all,2019-10-31,333293.37,263513.5462
91,all,2019-11-01,325455.65,263513.5462
92,all,2019-11-02,316710.76,263513.5462
93,all,2019-11-03,316710.76,258793.24009999997
94,all,2019-11-04,307251.88,260154.8841
95,all,2019-11-05,284586.13,273324.1365
96,all,2019-11-06,267798.06,275064.11870000005
97,all,2019-11-07,259016.90000000002,283416.83780000004
98,all,2019-11-08,245645.40000000002,286504.0238
99,all,2019-11-09,231528.85000000003,284038.18980000005
100,all,2019-11-10,231528.85,277902.88670000003
101,all,2019-11-11,222387.07,262772.68350000004
102,all,2019-11-12,207124.53000000003,302458.60480000003
103,all,2019-11-13,193882.88000000003,314981.72760000004
104,all,2019-11-14,177098.8,350226.3461
105,all,2019-11-15,165217.35,352497.72810000007
106,all,2019-11-16,153146.7,374403.069
107,all,2019-11-17,153146.7,350226.3461
108,all,2019-11-18,142691.85,352497.72810000007
109,all,2019-11-19,133270.96,374403.069
110,all,2019-11-20,120204.23000000001,374403.069
111,all,2019-11-21,103643.76000000001,374403.069
112,all,2019-11-22,90095.03,374403.069
113,all,2019-11-23,75610.42,372180.25100000005
114,all,2019-11-24,75610.42,372180.25100000005
115,all,2019-11-25,69112.7,374403.069
116,all,2019-11-26,55237.19,374403.069
117,all,2019-11-27,36439.53,374403.069
118,all,2019-11-28,20682.5,372180.25100000005
119,all,2019-11-29,10352.04,307858.152
120,all,2019-11-30,0.0,307858.152
0,france,2019-08-02,1815.6299999999999,2427.0292
1,france,2019-08-03,1865.56,2421.2388
2,france,2019-08-04,2024.54,2421.2388
3,france,2019-08-05,2024.54,2568.9827999999998
4,france,2019-08-06,2346.26,3589.8863999999994
5,france,2019-08-07,2564.53,2945.308000000001
6,france,2019-08-08,2836.2999999999997,3566.9244
7,france,2019-08-09,2836.2999999999997,2770.587600000001
8,france,2019-08-10,2772.5999999999995,2575.6184000000003
9,france,2019-08-11,2772.6,3014.9176000000007
10,france,2019-08-12,2761.959999999999,1364.7864000000002
11,france,2019-08-13,2639.9199999999996,1940.5992
12,france,2019-08-14,2848.6299999999997,1992.7236000000005
13,france,2019-08-15,2799.1,1796.7104000000002
14,france,2019-08-16,2649.53,2332.8344
15,france,2019-08-17,2573.2099999999996,2200.4128
16,france,2019-08-18,3007.28,2332.0960000000005
17,france,2019-08-19,2950.1000000000004,1884.2995999999996
18,france,2019-08-20,3118.9200000000005,1779.5739999999996
19,france,2019-08-21,3296.9300000000003,1320.2667999999994
20,france,2019-08-22,3306.4500000000003,1500.5303999999994
21,france,2019-08-23,2995.3900000000003,1590.5755999999994
22,france,2019-08-24,3050.17,1685.6173
23,france,2019-08-25,3055.17,1685.6173
24,france,2019-08-26,3119.27,1680.6860999999997
25,france,2019-08-27,3220.2500000000005,1686.1976999999997
26,france,2019-08-28,3452.68,1688.8292999999996
27,france,2019-08-29,3393.72,1681.7628999999995
28,france,2019-08-30,3393.72,1568.4712999999995
29,france,2019-08-31,3267.4199999999996,1571.2664999999997
30,france,2019-09-01,3459.6899999999996,1571.2664999999997
31,france,2019-09-02,3378.76,1684.3944999999994
32,france,2019-09-03,3667.5,1710.9036999999994
33,france,2019-09-04,3729.8,1710.9036999999994
34,france,2019-09-05,3496.52,1663.6440999999998
35,france,2019-09-06,3278.2500000000005,1623.8968999999995
36,france,2019-09-07,2985.3800000000006,1126.0427999999997
37,france,2019-09-08,3071.8200000000006,1126.0427999999997
38,france,2019-09-09,3792.9900000000002,1126.0427999999997
39,france,2019-09-10,3977.2000000000003,1126.0427999999997
40,france,2019-09-11,4006.8199999999997,1126.0427999999997
41,france,2019-09-12,4080.56,1082.9471999999996
42,france,2019-09-13,3871.85,994.9722
43,france,2019-09-14,3867.6,928.2466000000002
44,france,2019-09-15,3868.66,928.2466000000002
45,france,2019-09-16,3870.7799999999997,930.7278000000001
46,france,2019-09-17,3587.62,1625.5040000000001
47,france,2019-09-18,3636.5799999999995,1618.4996000000006
48,france,2019-09-19,3467.7599999999993,1702.0724000000002
49,france,2019-09-20,3160.7099999999996,1702.0724000000002
50,france,2019-09-21,3060.8299999999995,2054.9148000000005
51,france,2019-09-22,3060.83,2054.9148000000005
52,france,2019-09-23,2896.1800000000003,2117.7568
53,france,2019-09-24,2891.1800000000003,2211.5964000000004
54,france,2019-09-25,15528.900000000005,2147.1224
55,france,2019-09-26,15685.180000000006,2267.1492000000003
56,france,2019-09-27,15452.750000000005,2208.8260000000005
57,france,2019-09-28,15310.760000000006,2260.933600000001
58,france,2019-09-29,15356.950000000006,2260.933600000001
59,france,2019-09-30,15608.770000000006,2324.1592000000005
60,france,2019-10-01,15496.980000000005,2272.8848000000003
61,france,2019-10-02,15665.560000000007,2257.8428000000004
62,france,2019-10-03,15374.390000000003,2096.0240000000003
63,france,2019-10-04,15312.090000000004,2144.6556
64,france,2019-10-05,15223.650000000001,2332.84
65,france,2019-10-06,15312.400000000005,2332.84
66,france,2019-10-07,15476.240000000003,2366.4080000000004
67,france,2019-10-08,15573.420000000006,2410.0976
68,france,2019-10-09,15205.300000000007,1644.4182
69,france,2019-10-10,15346.580000000005,1674.4206
70,france,2019-10-11,15297.900000000007,1725.8509999999997
71,france,2019-10-12,15223.380000000006,1671.1585999999998
72,france,2019-10-13,15459.320000000007,1666.1206
73,france,2019-10-14,15610.030000000004,1666.1206
74,france,2019-10-15,15710.780000000004,1919.7648533333331
75,france,2019-10-16,16206.170000000004,2056.47332
76,france,2019-10-17,16223.030000000002,2078.5818533333336
77,france,2019-10-18,16115.290000000005,2081.5780533333336
78,france,2019-10-19,16287.510000000002,2107.19812
79,france,2019-10-20,16322.900000000003,2107.19812
80,france,2019-10-21,16502.520000000004,2209.7401200000004
81,france,2019-10-22,16578.610000000004,2212.5915866666664
82,france,2019-10-23,17111.160000000003,2404.2545199999995
83,france,2019-10-24,17269.610000000004,2495.5067999999997
84,france,2019-10-25,4567.79,1300.9391200000002
85,france,2019-10-26,4310.53,1300.9391200000002
86,france,2019-10-27,4505.990000000001,1300.9391200000002
87,france,2019-10-28,4594.07,1300.9391200000002
88,france,2019-10-29,4988.08,1300.9391200000002
89,france,2019-10-30,4838.69,1300.9391200000002
90,france,2019-10-31,4986.9800000000005,1300.9391200000002
91,france,2019-11-01,4748.160000000001,2034.1803200000004
92,france,2019-11-02,4591.610000000001,2034.1803200000004
93,france,2019-11-03,4591.610000000001,2034.1803200000004
94,france,2019-11-04,4591.610000000001,2042.9071200000003
95,france,2019-11-05,4502.860000000001,2034.1803200000004
96,france,2019-11-06,4339.02,2033.4596000000001
97,france,2019-11-07,4155.4,2034.1803200000004
98,france,2019-11-08,3767.3599999999997,2279.88592
99,france,2019-11-09,3441.8699999999994,2277.97472
100,france,2019-11-10,3441.8699999999994,2277.97472
101,france,2019-11-11,3407.6099999999997,2277.97472
102,france,2019-11-12,3171.6699999999996,2139.3681200000005
103,france,2019-11-13,3020.9599999999996,2139.3681200000005
104,france,2019-11-14,2919.1499999999996,2139.3681200000005
105,france,2019-11-15,2421.64,2140.9001200000002
106,france,2019-11-16,2253.87,2140.9001200000002
107,france,2019-11-17,2253.8700000000003,2140.9001200000002
108,france,2019-11-18,2081.65,2140.9001200000002
109,france,2019-11-19,2046.26,2140.9001200000002
110,france,2019-11-20,1866.6399999999999,2140.9001200000002
111,france,2019-11-21,1790.5499999999997,2140.9001200000002
112,france,2019-11-22,1258.0,2048.5137200000004
113,france,2019-11-23,1099.5499999999997,1929.2217200000002
114,france,2019-11-24,1099.55,1929.2217200000002
115,france,2019-11-25,1099.55,1929.2217200000002
116,france,2019-11-26,904.0899999999999,2048.5137200000004
117,france,2019-11-27,771.3999999999999,1929.2217200000002
118,france,2019-11-28,331.20000000000005,1748.78332
119,france,2019-11-29,228.77,2048.5137200000004
120,france,2019-11-30,0.0,2048.5137200000004
0,germany,2019-08-02,2235.33,2154.1365
1,germany,2019-08-03,2426.0099999999998,2103.2954999999997
2,germany,2019-08-04,2441.6499999999996,2103.2954999999997
3,germany,2019-08-05,2617.8999999999996,1589.2139999999995
4,germany,2019-08-06,2561.6899999999996,1081.28
5,germany,2019-08-07,2674.89,1072.598
6,germany,2019-08-08,2704.7,1072.598
7,germany,2019-08-09,2694.75,1097.0004999999996
8,germany,2019-08-10,3001.07,1234.169
9,germany,2019-08-11,3001.07,1234.169
10,germany,2019-08-12,3025.47,1510.1080000000002
11,germany,2019-08-13,3070.0000000000005,1508.4705000000001
12,germany,2019-08-14,3034.7000000000003,1489.1215000000004
13,germany,2019-08-15,3060.5000000000005,1000.219
14,germany,2019-08-16,3060.5000000000005,1060.537
15,germany,2019-08-17,2931.76,1063.1830000000002
16,germany,2019-08-18,3080.330000000001,1045.92
17,germany,2019-08-19,3046.460000000001,1046.841
18,germany,2019-08-20,2987.0900000000006,934.6600000000002
19,germany,2019-08-21,3006.4800000000005,938.0795000000002
20,germany,2019-08-22,2991.6100000000006,1054.2379999999998
21,germany,2019-08-23,2916.9900000000007,1911.5114999999998
22,germany,2019-08-24,2824.2400000000007,1802.7545000000002
23,germany,2019-08-25,2908.58,1798.2554999999998
24,germany,2019-08-26,2980.02,1816.6699999999996
25,germany,2019-08-27,3081.07,2195.1454999999996
26,germany,2019-08-28,3079.1100000000006,2080.6979999999994
27,germany,2019-08-29,2582.97,2120.90605
28,germany,2019-08-30,2572.3700000000003,1677.0659999999996
29,germany,2019-08-31,2478.1699999999996,1769.0134999999998
30,germany,2019-09-01,2478.17,1711.3265
31,germany,2019-09-02,2133.329999999999,2354.7695
32,germany,2019-09-03,2653.0,2414.0755
33,germany,2019-09-04,3097.2300000000005,2705.5364999999993
34,germany,2019-09-05,3425.0299999999997,1947.5899999999997
35,germany,2019-09-06,3282.3900000000003,2436.165
36,germany,2019-09-07,3252.58,2450.18
37,germany,2019-09-08,3321.2599999999998,2485.562
38,germany,2019-09-09,3177.46,3037.7339999999995
39,germany,2019-09-10,3368.4700000000003,3023.1924999999997
40,germany,2019-09-11,3658.43,3029.0399999999995
41,germany,2019-09-12,5031.23,2947.6459999999997
42,germany,2019-09-13,5031.23,2916.4145
43,germany,2019-09-14,4853.45,2959.5854999999997
44,germany,2019-09-15,5311.73,2959.5854999999997
45,germany,2019-09-16,5529.93,2952.1499999999996
46,germany,2019-09-17,5754.4,2930.605499999999
47,germany,2019-09-18,5922.99,2915.3154999999997
48,germany,2019-09-19,5874.4800000000005,2982.5464999999995
49,germany,2019-09-20,5753.0199999999995,2979.667
50,germany,2019-09-21,5504.6900000000005,2932.4339999999997
51,germany,2019-09-22,5516.490000000001,3122.7295
52,germany,2019-09-23,5655.830000000001,3040.7349999999997
53,germany,2019-09-24,5639.81,3466.4735
54,germany,2019-09-25,5683.800000000001,3231.6710000000003
55,germany,2019-09-26,5774.570000000001,3068.8274999999994
56,germany,2019-09-27,5650.3,3284.7355
57,germany,2019-09-28,5593.58,2929.7664999999993
58,germany,2019-09-29,5762.75,2907.4659999999994
59,germany,2019-09-30,5762.75,1915.65555
60,germany,2019-10-01,5827.03,2150.95185
61,germany,2019-10-02,5929.01,2460.8058499999997
62,germany,2019-10-03,5407.849999999999,2487.996199999999
63,germany,2019-10-04,4775.109999999999,3321.261000000001
64,germany,2019-10-05,4568.5599999999995,3756.4984999999992
65,germany,2019-10-06,4664.289999999999,3753.6064999999994
66,germany,2019-10-07,4738.719999999999,3966.2445
67,germany,2019-10-08,4720.139999999999,4129.8285000000005
68,germany,2019-10-09,6679.47,4069.8965
69,germany,2019-10-10,7031.75,4001.4494999999997
70,germany,2019-10-11,6717.39,3361.1455
71,germany,2019-10-12,5270.42,1652.7105
72,germany,2019-10-13,5389.72,1652.7105
73,germany,2019-10-14,5522.6,1664.3620000000003
74,germany,2019-10-15,5549.450000000001,1723.0610000000001
75,germany,2019-10-16,5761.090000000001,1733.8795000000002
76,germany,2019-10-17,5516.2300000000005,1733.8795000000002
77,germany,2019-10-18,5330.340000000001,1733.8795000000002
78,germany,2019-10-19,5277.190000000001,1706.4055
79,germany,2019-10-20,5496.81,1706.4055
80,germany,2019-10-21,5688.7300000000005,1706.4055
81,germany,2019-10-22,5788.950000000001,1706.4055
82,germany,2019-10-23,6190.250000000001,1706.4055
83,germany,2019-10-24,6186.6900000000005,1727.1225
84,germany,2019-10-25,6071.260000000001,1727.1225
85,germany,2019-10-26,5879.440000000001,1738.381
86,germany,2019-10-27,6107.000000000002,1738.381
87,germany,2019-10-28,6279.530000000001,1738.381
88,germany,2019-10-29,6194.660000000001,1669.7830000000001
89,germany,2019-10-30,6344.790000000001,1690.5
90,germany,2019-10-31,6331.38,1637.391
91,germany,2019-11-01,6224.43,1646.0625
92,germany,2019-11-02,6210.280000000001,1687.7955000000002
93,germany,2019-11-03,6210.28,1684.4660000000003
94,germany,2019-11-04,6089.030000000001,1762.321
95,germany,2019-11-05,5993.3,1663.2735
96,germany,2019-11-06,5918.870000000001,1659.2205000000001
97,germany,2019-11-07,5868.7699999999995,1661.7185000000002
98,germany,2019-11-08,3733.9700000000003,1900.732
99,germany,2019-11-09,3190.6800000000003,1753.0315000000003
100,germany,2019-11-10,3190.6800000000003,1887.8880000000004
101,germany,2019-11-11,3190.68,1887.8880000000004
102,germany,2019-11-12,3071.38,1903.9170000000006
103,germany,2019-11-13,2938.5,1922.1960000000006
104,germany,2019-11-14,2453.37,1895.2860000000005
105,germany,2019-11-15,2023.5300000000002,1887.8880000000004
106,germany,2019-11-16,1895.3500000000001,1888.1310000000005
107,germany,2019-11-17,1895.3500000000001,1888.1310000000005
108,germany,2019-11-18,1830.0500000000002,1888.1310000000005
109,germany,2019-11-19,1610.4300000000003,1888.1310000000005
110,germany,2019-11-20,1402.8100000000002,1888.1310000000005
111,germany,2019-11-21,1290.7900000000002,1887.8880000000004
112,germany,2019-11-22,750.1500000000001,1882.4530000000002
113,germany,2019-11-23,685.39,1884.6285
114,germany,2019-11-24,685.39,1884.6285
115,germany,2019-11-25,685.39,1884.6285
116,germany,2019-11-26,457.83000000000004,1882.4530000000002
117,germany,2019-11-27,285.30000000000007,1741.7805
118,germany,2019-11-28,201.00000000000006,1894.0685
119,germany,2019-11-29,50.87000000000001,1761.268
120,germany,2019-11-30,0.0,1751.0939999999998
0,united_kingdom,2019-08-02,117608.34000000001,238494.6282
1,united_kingdom,2019-08-03,117157.15000000002,155237.2261
2,united_kingdom,2019-08-04,120977.04999999999,158701.4972
3,united_kingdom,2019-08-05,122621.37,159093.1788
4,united_kingdom,2019-08-06,123816.81,159093.1788
5,united_kingdom,2019-08-07,124319.52000000002,155058.54320000001
6,united_kingdom,2019-08-08,124456.78000000001,155679.10689999996
7,united_kingdom,2019-08-09,110807.09999999999,140294.24799999996
8,united_kingdom,2019-08-10,123946.48,142983.57919999998
9,united_kingdom,2019-08-11,129312.4,147064.18389999997
10,united_kingdom,2019-08-12,136126.44,147829.13629999998
11,united_kingdom,2019-08-13,137752.76,147970.67529999994
12,united_kingdom,2019-08-14,159946.08000000002,147970.67529999994
13,united_kingdom,2019-08-15,159050.91999999998,144737.5979
14,united_kingdom,2019-08-16,155768.33000000002,144769.1322
15,united_kingdom,2019-08-17,157869.51,147095.71819999994
16,united_kingdom,2019-08-18,160565.39,147095.71819999994
17,united_kingdom,2019-08-19,164055.56,145581.02070000002
18,united_kingdom,2019-08-20,174301.75999999998,147064.18389999997
19,united_kingdom,2019-08-21,178350.43999999997,147546.84129999997
20,united_kingdom,2019-08-22,168771.77,141979.73
21,united_kingdom,2019-08-23,163992.31,139935.13919999998
22,united_kingdom,2019-08-24,167316.571,138982.3525
23,united_kingdom,2019-08-25,172916.282,138982.3525
24,united_kingdom,2019-08-26,176954.58200000002,138982.3525
25,united_kingdom,2019-08-27,184783.912,142229.21600000004
26,united_kingdom,2019-08-28,176003.27200000003,121663.65849999999
27,united_kingdom,2019-08-29,177289.46200000003,124260.77199999997
28,united_kingdom,2019-08-30,174043.81200000003,124260.77199999997
29,united_kingdom,2019-08-31,167618.63199999998,114723.93769999998
30,united_kingdom,2019-09-01,180091.41199999998,115600.34599999999
31,united_kingdom,2019-09-02,186790.592,115600.34599999999
32,united_kingdom,2019-09-03,188730.84200000003,113416.85079999999
33,united_kingdom,2019-09-04,194239.88199999998,113416.85079999999
34,united_kingdom,2019-09-05,197549.542,120022.43879999997
35,united_kingdom,2019-09-06,193046.862,119124.47959999999
36,united_kingdom,2019-09-07,191506.872,119624.2298
37,united_kingdom,2019-09-08,205322.07200000001,120431.81579999998
38,united_kingdom,2019-09-09,206332.962,113416.85079999999
39,united_kingdom,2019-09-10,206826.35199999998,109800.68679999998
40,united_kingdom,2019-09-11,205256.162,111377.5628
41,united_kingdom,2019-09-12,206375.02199999997,117941.29756666666
42,united_kingdom,2019-09-13,181400.91199999998,214537.7687
43,united_kingdom,2019-09-14,178748.43199999994,214537.7687
44,united_kingdom,2019-09-15,189002.76199999996,236804.17180000004
45,united_kingdom,2019-09-16,193486.15199999997,236804.17180000004
46,united_kingdom,2019-09-17,198301.53199999998,203435.7198
47,united_kingdom,2019-09-18,197799.142,214066.5426
48,united_kingdom,2019-09-19,187980.012,202484.4197
49,united_kingdom,2019-09-20,180900.95200000002,211559.5295
50,united_kingdom,2019-09-21,177215.292,257652.5833
51,united_kingdom,2019-09-22,193929.492,258418.26630000002
52,united_kingdom,2019-09-23,195573.191,257652.5833
53,united_kingdom,2019-09-24,196667.93999999997,265889.4281
54,united_kingdom,2019-09-25,197473.46,265889.4281
55,united_kingdom,2019-09-26,194657.11,275321.072
56,united_kingdom,2019-09-27,187957.68,263857.1281
57,united_kingdom,2019-09-28,188276.00000000003,233774.3723
58,united_kingdom,2019-09-29,214774.21000000002,233774.3723
59,united_kingdom,2019-09-30,215625.53000000003,168150.26229999997
60,united_kingdom,2019-10-01,212025.35000000006,200811.75899999996
61,united_kingdom,2019-10-02,209424.74000000005,200811.75899999996
62,united_kingdom,2019-10-03,211300.22000000003,205711.74099999998
63,united_kingdom,2019-10-04,202848.37,204859.71910000002
64,united_kingdom,2019-10-05,198868.39,196430.1472
65,united_kingdom,2019-10-06,220854.68000000002,210774.729
66,united_kingdom,2019-10-07,233748.94000000003,206291.179
67,united_kingdom,2019-10-08,228430.03000000003,198581.45030000003
68,united_kingdom,2019-10-09,232163.11000000002,197581.36140000002
69,united_kingdom,2019-10-10,239037.80000000002,197581.36140000002
70,united_kingdom,2019-10-11,232114.65000000005,202798.39830000003
71,united_kingdom,2019-10-12,235672.09000000003,204852.35520000002
72,united_kingdom,2019-10-13,249432.03000000003,215704.814
73,united_kingdom,2019-10-14,257582.93,218698.583
74,united_kingdom,2019-10-15,263233.94000000006,212618.14900000003
75,united_kingdom,2019-10-16,264651.95,202214.3172
76,united_kingdom,2019-10-17,267816.89,201658.6582
77,united_kingdom,2019-10-18,261818.41000000003,204806.6224
78,united_kingdom,2019-10-19,268042.2200000001,202214.3172
79,united_kingdom,2019-10-20,276249.03,199867.23110000003
80,united_kingdom,2019-10-21,283514.44000000006,198191.11810000002
81,united_kingdom,2019-10-22,282711.60000000003,198441.9321
82,united_kingdom,2019-10-23,287903.95999999996,201802.18930000003
83,united_kingdom,2019-10-24,295186.31,205639.0094
84,united_kingdom,2019-10-25,287807.33999999997,203457.40460000004
85,united_kingdom,2019-10-26,289203.5,206633.15850000005
86,united_kingdom,2019-10-27,302287.53,200409.96610000002
87,united_kingdom,2019-10-28,313719.03,199723.17010000005
88,united_kingdom,2019-10-29,301640.98,203428.27060000002
89,united_kingdom,2019-10-30,306759.63999999996,202943.72160000002
90,united_kingdom,2019-10-31,307625.8399999999,202943.72160000002
91,united_kingdom,2019-11-01,300347.30999999994,202943.72160000002
92,united_kingdom,2019-11-02,292711.67999999993,200305.68360000005
93,united_kingdom,2019-11-03,292711.67999999993,197562.4322
94,united_kingdom,2019-11-04,284266.25,200426.59040000004
95,united_kingdom,2019-11-05,262279.96,202998.49990000005
96,united_kingdom,2019-11-06,245967.08000000002,201691.10790000003
97,united_kingdom,2019-11-07,237470.79000000004,201691.10790000003
98,united_kingdom,2019-11-08,227189.63,202781.50010000003
99,united_kingdom,2019-11-09,214455.63,204151.95010000005
100,united_kingdom,2019-11-10,214455.63,204151.95010000005
101,united_kingdom,2019-11-11,205912.63999999998,204151.95010000005
102,united_kingdom,2019-11-12,192152.69999999998,201461.0792
103,united_kingdom,2019-11-13,179694.56,255469.5216
104,united_kingdom,2019-11-14,163789.22,307956.5934
105,united_kingdom,2019-11-15,154228.3,307956.5934
106,united_kingdom,2019-11-16,143552.09999999998,301808.5434
107,united_kingdom,2019-11-17,143552.09999999998,302624.7874
108,united_kingdom,2019-11-18,133744.33,267261.4064
109,united_kingdom,2019-11-19,125537.52,322996.44440000004
110,united_kingdom,2019-11-20,113534.62000000001,328088.95830000006
111,united_kingdom,2019-11-21,97623.26,279818.1724
112,united_kingdom,2019-11-22,85567.95999999999,278276.9244
113,united_kingdom,2019-11-23,71591.15,271069.8874
114,united_kingdom,2019-11-24,71591.15000000001,256255.35350000003
115,united_kingdom,2019-11-25,65182.01000000001,254690.9545
116,united_kingdom,2019-11-26,52097.979999999996,278276.9244
117,united_kingdom,2019-11-27,33871.369999999995,271069.8874
118,united_kingdom,2019-11-28,19451.21,271069.8874
119,united_kingdom,2019-11-29,9738.8,272068.2494
120,united_kingdom,2019-11-30,0.0,272068.2494
0,hong_kong,2019-08-21,5307.9,0.0
1,hong_kong,2019-08-22,5307.9,0.0
2,hong_kong,2019-08-23,5307.9,319.548
3,hong_kong,2019-08-24,5307.9,319.548
4,hong_kong,2019-08-25,5307.9,319.548
5,hong_kong,2019-08-26,5307.9,319.548
6,hong_kong,2019-08-27,5307.9,319.548
7,hong_kong,2019-08-28,5307.9,0.0
8,hong_kong,2019-08-29,5307.9,1035.890297369834
9,hong_kong,2019-08-30,5307.9,1035.890297369834
10,hong_kong,2019-08-31,5307.9,1035.890297369834
11,hong_kong,2019-09-01,5307.9,1035.890297369834
12,hong_kong,2019-09-02,5318.849999999999,1035.890297369834
13,hong_kong,2019-09-03,5318.849999999999,1035.890297369834
14,hong_kong,2019-09-04,5318.849999999999,3042.704363737453
15,hong_kong,2019-09-05,5318.849999999999,3042.704363737453
16,hong_kong,2019-09-06,5318.849999999999,3042.704363737453
17,hong_kong,2019-09-07,5318.849999999999,3042.704363737453
18,hong_kong,2019-09-08,5318.849999999999,3042.704363737453
19,hong_kong,2019-09-09,5318.849999999999,3042.704363737453
20,hong_kong,2019-09-10,5318.849999999999,3042.704363737453
21,hong_kong,2019-09-11,5318.849999999999,3042.704363737453
22,hong_kong,2019-09-12,5318.849999999999,3042.704363737453
23,hong_kong,2019-09-13,5318.849999999999,3042.704363737453
24,hong_kong,2019-09-14,5318.849999999999,3042.704363737453
25,hong_kong,2019-09-15,5318.849999999999,3042.704363737453
26,hong_kong,2019-09-16,5418.61,3042.704363737453
27,hong_kong,2019-09-17,110.71000000000001,98.99733333333332
28,hong_kong,2019-09-18,110.71000000000001,98.99733333333332
29,hong_kong,2019-09-19,110.71000000000001,98.99733333333332
30,hong_kong,2019-09-20,110.71000000000001,82.04466666666666
31,hong_kong,2019-09-21,110.71000000000001,82.04466666666666
32,hong_kong,2019-09-22,110.71000000000001,82.04466666666666
33,hong_kong,2019-09-23,110.71000000000001,82.04466666666666
34,hong_kong,2019-09-24,110.71000000000001,82.04466666666666
35,hong_kong,2019-09-25,110.71000000000001,82.04466666666666
36,hong_kong,2019-09-26,129.46,82.04466666666666
37,hong_kong,2019-09-27,129.46,82.04466666666666
38,hong_kong,2019-09-28,129.46,82.04466666666666
39,hong_kong,2019-09-29,129.46,82.04466666666666
40,hong_kong,2019-09-30,129.46,82.04466666666666
41,hong_kong,2019-10-01,129.46,82.04466666666666
42,hong_kong,2019-10-02,118.51,74.17399999999999
43,hong_kong,2019-10-03,118.51,74.17399999999999
44,hong_kong,2019-10-04,118.51,74.17399999999999
45,hong_kong,2019-10-05,118.51,74.17399999999999
46,hong_kong,2019-10-06,118.51,74.17399999999999
47,hong_kong,2019-10-07,118.51,74.17399999999999
48,hong_kong,2019-10-08,118.51,74.17399999999999
49,hong_kong,2019-10-09,118.51,74.17399999999999
50,hong_kong,2019-10-10,118.51,74.17399999999999
51,hong_kong,2019-10-11,118.51,74.17399999999999
52,hong_kong,2019-10-12,118.51,74.17399999999999
53,hong_kong,2019-10-13,118.51,74.17399999999999
54,hong_kong,2019-10-14,118.51,74.17399999999999
55,hong_kong,2019-10-15,118.51,1292.166666666667
56,hong_kong,2019-10-16,18.75,123.53266666666667
57,hong_kong,2019-10-17,18.75,124.12333333333335
58,hong_kong,2019-10-18,18.75,124.12333333333335
59,hong_kong,2019-10-19,18.75,124.12333333333335
60,hong_kong,2019-10-20,18.75,124.12333333333335
61,hong_kong,2019-10-21,18.75,124.12333333333335
62,hong_kong,2019-10-22,18.75,124.12333333333335
63,hong_kong,2019-10-23,18.75,124.12333333333335
64,hong_kong,2019-10-24,18.75,124.12333333333335
65,hong_kong,2019-10-25,18.75,124.12333333333335
66,hong_kong,2019-10-26,0.0,123.53266666666667
67,hong_kong,2019-10-27,0.0,123.53266666666667
68,hong_kong,2019-10-28,0.0,123.53266666666667
69,hong_kong,2019-10-29,0.0,123.53266666666667
70,hong_kong,2019-10-30,0.0,123.53266666666667
71,hong_kong,2019-10-31,0.0,123.53266666666667
0,portugal,2019-08-13,39.59,241.45
1,portugal,2019-08-14,39.59,242.96240000000006
2,portugal,2019-08-15,39.59,207.8588
3,portugal,2019-08-16,39.59,210.34240000000003
4,portugal,2019-08-17,39.59,213.0988
5,portugal,2019-08-18,39.59,214.00120000000007
6,portugal,2019-08-19,39.59,1060.3735999999997
7,portugal,2019-08-20,39.59,161.07559999999998
8,portugal,2019-08-21,131.91,136.49439999999998
9,portugal,2019-08-22,131.91,144.96800000000002
10,portugal,2019-08-23,131.91,142.01520000000002
11,portugal,2019-08-24,191.76,123.86599999999999
12,portugal,2019-08-25,191.76,311.67820000000006
13,portugal,2019-08-26,191.76,309.4270000000001
14,portugal,2019-08-27,191.76,627.1388000000002
15,portugal,2019-08-28,191.76,681.5106000000001
16,portugal,2019-08-29,191.76,681.5106000000001
17,portugal,2019-08-30,191.76,704.4798000000001
18,portugal,2019-08-31,152.17,222.49360000000016
19,portugal,2019-09-01,152.17,222.49360000000016
20,portugal,2019-09-02,152.17,222.49360000000016
21,portugal,2019-09-03,152.17,222.49360000000016
22,portugal,2019-09-04,598.1399999999999,222.49360000000016
23,portugal,2019-09-05,598.1399999999999,222.49360000000016
24,portugal,2019-09-06,598.1399999999999,222.49360000000016
25,portugal,2019-09-07,598.1399999999999,162.776
26,portugal,2019-09-08,598.1399999999999,162.776
27,portugal,2019-09-09,801.6799999999998,162.776
28,portugal,2019-09-10,801.6799999999998,162.776
29,portugal,2019-09-11,933.6799999999998,162.776
30,portugal,2019-09-12,1130.1899999999998,411.32599999999996
31,portugal,2019-09-13,1130.1899999999998,411.32599999999996
32,portugal,2019-09-14,1130.1899999999998,348.62879999999996
33,portugal,2019-09-15,2428.1499999999996,348.62879999999996
34,portugal,2019-09-16,2428.1499999999996,348.62879999999996
35,portugal,2019-09-17,2488.0499999999997,348.62879999999996
36,portugal,2019-09-18,2488.0499999999997,348.62879999999996
37,portugal,2019-09-19,2488.0499999999997,348.62879999999996
38,portugal,2019-09-20,2395.73,510.5936
39,portugal,2019-09-21,2395.73,510.5936
40,portugal,2019-09-22,2395.73,510.5936
41,portugal,2019-09-23,2443.56,164.54280000000003
42,portugal,2019-09-24,2443.56,164.54280000000003
43,portugal,2019-09-25,2443.5599999999995,164.54280000000003
44,portugal,2019-09-26,2443.56,164.54280000000003
45,portugal,2019-09-27,2443.56,167.06640000000004
46,portugal,2019-09-28,2443.56,135.99319999999997
47,portugal,2019-09-29,2443.56,135.99319999999997
48,portugal,2019-09-30,2443.56,833.8508
49,portugal,2019-10-01,2443.56,833.8508
50,portugal,2019-10-02,2484.85,833.8508
51,portugal,2019-10-03,2484.85,833.8508
52,portugal,2019-10-04,2038.88,146.50519999999997
53,portugal,2019-10-05,2038.88,146.50519999999997
54,portugal,2019-10-06,2103.58,146.50519999999997
55,portugal,2019-10-07,2103.58,146.50519999999997
56,portugal,2019-10-08,2103.58,146.50519999999997
57,portugal,2019-10-09,1900.0400000000002,92.51599999999999
58,portugal,2019-10-10,1914.65,92.51599999999999
59,portugal,2019-10-11,1782.65,403.7844
60,portugal,2019-10-12,1586.1399999999999,405.348
61,portugal,2019-10-13,1669.16,405.348
62,portugal,2019-10-14,1669.16,405.348
63,portugal,2019-10-15,371.2000000000001,1404.4253999999999
64,portugal,2019-10-16,394.9000000000001,1404.4253999999999
65,portugal,2019-10-17,335.00000000000006,1403.3641999999998
66,portugal,2019-10-18,335.00000000000006,1403.3641999999998
67,portugal,2019-10-19,335.00000000000006,1403.3641999999998
68,portugal,2019-10-20,442.7300000000001,1404.4253999999999
69,portugal,2019-10-21,442.7300000000001,1404.4253999999999
70,portugal,2019-10-22,442.7300000000001,941.9689999999998
71,portugal,2019-10-23,533.24,947.1349999999999
72,portugal,2019-10-24,533.24,941.9689999999998
73,portugal,2019-10-25,533.24,941.9689999999998
74,portugal,2019-10-26,533.24,941.9689999999998
75,portugal,2019-10-27,533.24,941.9689999999998
76,portugal,2019-10-28,533.24,941.9689999999998
77,portugal,2019-10-29,561.24,229.43959999999998
78,portugal,2019-10-30,561.24,229.43959999999998
79,portugal,2019-10-31,668.6600000000001,229.43959999999998
80,portugal,2019-11-01,627.3700000000001,226.2484
81,portugal,2019-11-02,627.3700000000001,226.2484
82,portugal,2019-11-03,627.3700000000001,258.7712
83,portugal,2019-11-04,627.3700000000001,258.7712
84,portugal,2019-11-05,562.6700000000001,228.72320000000002
85,portugal,2019-11-06,562.6700000000001,228.72320000000002
86,portugal,2019-11-07,562.6700000000001,228.72320000000002
87,portugal,2019-11-08,562.6700000000001,359.23479999999995
88,portugal,2019-11-09,548.06,412.71159999999986
89,portugal,2019-11-10,548.0600000000001,330.30240000000003
90,portugal,2019-11-11,548.0600000000001,375.9664
91,portugal,2019-11-12,465.04,425.30479999999994
92,portugal,2019-11-13,465.04,425.30479999999994
93,portugal,2019-11-14,465.04,416.9196
94,portugal,2019-11-15,441.34000000000003,414.49719999999996
95,portugal,2019-11-16,441.34000000000003,416.9196
96,portugal,2019-11-17,441.34000000000003,416.9196
97,portugal,2019-11-18,441.34000000000003,416.9196
98,portugal,2019-11-19,333.61,416.744
99,portugal,2019-11-20,333.61,431.32199999999995
100,portugal,2019-11-21,333.61,431.32199999999995
101,portugal,2019-11-22,135.42000000000002,406.8172
102,portugal,2019-11-23,135.42000000000002,406.8172
103,portugal,2019-11-24,135.42000000000002,406.8172
104,portugal,2019-11-25,135.42000000000002,406.8172
105,portugal,2019-11-26,135.42000000000002,433.7264
106,portugal,2019-11-27,135.42000000000002,433.7264
107,portugal,2019-11-28,107.42000000000002,428.3632
108,portugal,2019-11-29,107.42000000000002,393.42400000000004
109,portugal,2019-11-30,0.0,487.1555999999999
